key,en,ru,fr
"nav.station","Station","Станция","Station"
"nav.coffee","Coffee","Кофе","Caf&eacute;"
"nav.process","Process","Процесс","Processus"
"nav.gallery","Gallery","Галерея","Galerie"
"nav.tours","Tours","Туры","Visites"
"nav.cta","Get Offers","Получить цены","Voir les tarifs"
"nav.toggleOpen","Menu","Меню","Menu"
"nav.toggleClose","Close","Закрыть","Fermer"
"hero.title","Ruvumbu<br>Coffee Station","Ruvumbu<br>Coffee Station","Ruvumbu<br>Coffee Station"
"hero.lead","Specialty coffee from the highlands of Rwanda. Farm-direct wholesale and curated farm tours for roasters, buyers, and coffee enthusiasts.","Элитный кофе с высокогорий Руанды. Прямые оптовые поставки с фермы и авторские туры для обжарщиков, байеров и любителей кофе.","Caf&eacute; de sp&eacute;cialit&eacute; des hauts plateaux du Rwanda. Vente en gros directe de la ferme et visites sur mesure pour torr&eacute;facteurs, acheteurs et amateurs de caf&eacute;."
"hero.ctaQuote","Get Offers","Получить цены","Voir les tarifs"
"hero.ctaTour","Book a farm tour","Забронировать тур","R&eacute;server une visite"
"station.h2","From our hills to your cup","От наших холмов до вашей чашки","De nos collines &agrave; votre tasse"
"station.lead","Ruvumbu sits on the ridges of Nyamasheke, where altitude, volcanic soil and slow ripening produce exceptional Arabica.","Ruvumbu расположена на хребтах Ньямашеке, где высота, вулканическая почва и медленное созревание дают исключительную арабику.","Ruvumbu se trouve sur les cr&ecirc;tes de Nyamasheke, o&ugrave; l'altitude, le sol volcanique et une maturation lente produisent un arabica exceptionnel."
"station.p","We manage the full journey from seedling to export, which keeps traceability intact and lets us pay our partner farmers on terms they can plan around.","Мы контролируем весь путь от саженца до экспорта — это сохраняет прослеживаемость и позволяет платить фермерам-партнёрам по предсказуемым условиям.","Nous g&eacute;rons tout le parcours, du semis &agrave; l'exportation, ce qui garantit la tra&ccedil;abilit&eacute; et nous permet de payer nos fermiers partenaires selon des conditions pr&eacute;visibles."
"station.note","Every lot is hand-picked, processed with precision, and cupped at the station before it leaves for the port. Nothing ships that we have not tasted ourselves.","Каждый лот собирается вручную, тщательно обрабатывается и дегустируется на станции перед отправкой в порт. Мы не отправляем то, что не пробовали сами.","Chaque lot est cueilli &agrave; la main, trait&eacute; avec pr&eacute;cision et d&eacute;gust&eacute; &agrave; la station avant de partir vers le port. Rien n'est exp&eacute;di&eacute; sans avoir &eacute;t&eacute; go&ucirc;t&eacute; par nos soins."
"station.metric1","years of operation","лет работы","ann&eacute;es d'activit&eacute;"
"station.metric2","hectares under cultivation","гектаров под выращиванием","hectares cultiv&eacute;s"
"station.metric3","farming families partnered","фермерских семей-партнёров","familles de producteurs partenaires"
"station.metric4","metres above sea level and higher","метров над уровнем моря и выше","m&egrave;tres d'altitude et plus"
"coffee.h2","Harvested with care, processed with precision","Собрано бережно, обработано точно","R&eacute;colt&eacute; avec soin, trait&eacute; avec pr&eacute;cision"
"coffee.lead","Single-origin Rwandan Arabica, in select micro-lots and in consistent commercial grades.","Руандийская арабика одного происхождения — избранные микролоты и стабильные коммерческие сорта.","Arabica rwandais d'origine unique, en micro-lots s&eacute;lectionn&eacute;s et en qualit&eacute;s commerciales constantes."
"coffee.spec.variety.dt","Variety","Сорт","Vari&eacute;t&eacute;"
"coffee.spec.variety.dd","Ruvumbu French Bourbon","Ruvumbu French Bourbon","Ruvumbu French Bourbon"
"coffee.spec.process.dt","Process","Обработка","Proc&eacute;d&eacute;"
"coffee.spec.process.dd","Washed","Мытая","Lav&eacute;"
"coffee.spec.cup.dt","Cup profile","Вкусовой профиль","Profil en tasse"
"coffee.spec.cup.dd","Citrus, black tea, caramel","Цитрус, чёрный чай, карамель","Agrumes, th&eacute; noir, caramel"
"coffee.spec.harvest.dt","Harvest","Сбор урожая","R&eacute;colte"
"coffee.spec.harvest.dd","July","Июль","Juillet"
"coffee.download","Get Offers","Получить цены","Voir les tarifs"
"process.h2","How a cherry becomes a shipment","Как вишня становится партией на экспорт","Comment une cerise devient une exp&eacute;dition"
"process.step1.title","Cultivation","Выращивание","Culture"
"process.step1.desc","Bourbon varietals grown at 1,700 m and above, shaded by banana trees.","Сорта Bourbon выращиваются на высоте от 1700 м, в тени банановых деревьев.","Vari&eacute;t&eacute;s Bourbon cultiv&eacute;es &agrave; 1700 m et plus, &agrave; l'ombre des bananiers."
"process.step2.title","Harvesting","Сбор урожая","R&eacute;colte"
"process.step2.desc","Hand-picked at peak ripeness, then sorted by density and by defect.","Ручной сбор на пике зрелости, затем сортировка по плотности и дефектам.","Cueillies &agrave; la main &agrave; pleine maturit&eacute;, puis tri&eacute;es par densit&eacute; et par d&eacute;faut."
"process.step3.title","Processing","Обработка","Traitement"
"process.step3.desc","Washed, natural or honey. Fermented, then dried on raised African beds.","Мытая, натуральная или медовая обработка. Ферментация и сушка на приподнятых африканских грядках.","Lav&eacute;, naturel ou miel. Ferment&eacute;, puis s&eacute;ch&eacute; sur des lits africains sur&eacute;lev&eacute;s."
"process.step4.title","Export","Экспорт","Exportation"
"process.step4.desc","Cupped, graded and prepared for shipment straight to your roastery.","Дегустация, калибровка и подготовка к отправке прямо на вашу обжарочную.","D&eacute;gust&eacute;, calibr&eacute; et pr&eacute;par&eacute; pour l'exp&eacute;dition directe vers votre torr&eacute;faction."
"terroir.h2","Nyamasheke,<br>between the lake and the forest","Ньямашеке,<br>между озером и лесом","Nyamasheke,<br>entre le lac et la for&ecirc;t"
"terroir.p","Lake Kivu holds the heat on one side, Nyungwe rainforest pulls cool air down the other. The cherries ripen slowly in between.","Озеро Киву удерживает тепло с одной стороны, тропический лес Ньюнгве приносит прохладу с другой. Между ними вишни созревают медленно.","Le lac Kivu retient la chaleur d'un c&ocirc;t&eacute;, la for&ecirc;t de Nyungwe apporte l'air frais de l'autre. Les cerises m&ucirc;rissent lentement entre les deux."
"gallery.h2","Photos from the plantation","Фотографии с плантации","Photos de la plantation"
"gallery.lead","A season on the station, in pictures &mdash; from first blossom to bagged green coffee.","Сезон на станции в фотографиях &mdash; от первого цветения до мешков с зелёным кофе.","Une saison &agrave; la station, en images &mdash; de la premi&egrave;re floraison au caf&eacute; vert en sacs."
"gallery.cap1","Still ripening","Ещё созревает","Encore en maturation"
"gallery.cap2","Sun-dried slowly","Медленная сушка на солнце","S&eacute;chage lent au soleil"
"gallery.cap3","New seedlings","Молодые саженцы","Jeunes plants"
"gallery.cap4","Hand-picked at<br>peak ripeness","Собрано вручную<br>на пике зрелости","Cueillis &agrave; la main<br>&agrave; pleine maturit&eacute;"
"gallery.cap5","Sorted by hand,<br>lot by lot","Отсортировано вручную,<br>лот за лотом","Tri&eacute;s &agrave; la main,<br>lot par lot"
"videos.h2","Our videos","Наши видео","Nos vid&eacute;os"
"videos.lead","Short clips from the station &mdash; the same hills and hands from the gallery above, caught in motion.","Короткие ролики со станции &mdash; те же холмы и руки, что и в галерее выше, но в движении.","De courtes vid&eacute;os de la station &mdash; les m&ecirc;mes collines et les m&ecirc;mes mains que dans la galerie, en mouvement."
"videos.meta1","0:16 &mdash; On Lake Kivu","0:16 &mdash; На озере Киву","0:16 &mdash; Sur le lac Kivu"
"videos.meta2","0:18 &mdash; Across the hillsides","0:18 &mdash; Среди холмистых плантаций","0:18 &mdash; Sur les coteaux en terrasses"
"videos.meta3","0:24 &mdash; Sunset on the lake","0:24 &mdash; Закат над озером","0:24 &mdash; Coucher de soleil sur le lac"
"videos.meta4","0:13 &mdash; Among the coffee bushes","0:13 &mdash; Среди кофейных кустов","0:13 &mdash; Parmi les caf&eacute;iers"
"tours.h2","Visit Ruvumbu","Посетите Ruvumbu","Visitez Ruvumbu"
"tours.lead","See where your coffee begins. Tours run one group at a time, by prior arrangement, from the nursery to the drying tables.","Увидьте, откуда начинается ваш кофе. Туры проводятся для одной группы за раз, по предварительной договорённости — от питомника до сушильных столов.","D&eacute;couvrez d'o&ugrave; vient votre caf&eacute;. Les visites se font pour un groupe &agrave; la fois, sur rendez-vous, de la p&eacute;pini&egrave;re aux tables de s&eacute;chage."
"tours.incl1","Guided walk through the coffee gardens","Экскурсия по кофейным садам","Visite guid&eacute;e des jardins de caf&eacute;"
"tours.incl2","How the cherries are grown and processed","Как выращивают и обрабатывают вишни","Comment les cerises sont cultiv&eacute;es et trait&eacute;es"
"tours.incl3","Cupping session at the station","Дегустация на станции","Session de d&eacute;gustation &agrave; la station"
"tours.incl4","Time with the people who run it","Время с людьми, которые всем управляют","Un moment avec l'&eacute;quipe qui g&egrave;re la station"
"tours.cta","Book a farm tour","Забронировать тур","R&eacute;server une visite"
"footer.copy","&copy; 2026 Ruvumbu Coffee Station","&copy; 2026 Ruvumbu Coffee Station","&copy; 2026 Ruvumbu Coffee Station"
"footer.contact","Contact","Контакты","Contact"
"quote.title","Get a wholesale quote","Запросить оптовые цены","Demander un devis en gros"
"quote.lead","Pick a volume tier, leave your details, and we'll send pricing to your inbox.","Выберите объём, оставьте контакты — мы пришлём цены вам на почту.","Choisissez un volume, laissez vos coordonn&eacute;es et nous vous enverrons les tarifs par e-mail."
"quote.th.volume","Volume","Объём","Volume"
"quote.th.weight","Weight","Вес","Poids"
"quote.th.price","Price","Цена","Prix"
"quote.row1.vol","1 pallet","1 палета","1 palette"
"quote.row1.weight","600 kg","600 кг","600 kg"
"quote.row2.vol","2&ndash;3 pallets","2&ndash;3 палеты","2&ndash;3 palettes"
"quote.row2.weight","1,200&ndash;1,800 kg","1 200&ndash;1 800 кг","1 200&ndash;1 800 kg"
"quote.row3.vol","4&ndash;7 pallets","4&ndash;7 палет","4&ndash;7 palettes"
"quote.row3.weight","2,400&ndash;4,200 kg","2 400&ndash;4 200 кг","2 400&ndash;4 200 kg"
"quote.row4.vol","8+ pallets","8+ палет","8+ palettes"
"quote.row4.weight","4,800+ kg","4 800+ кг","4 800+ kg"
"quote.row5.vol","20-ft container","20-фут контейнер","Conteneur 20 pieds"
"quote.row5.weight","~16.5 t","~16,5 т","~16,5 t"
"quote.name","Name","Имя","Nom"
"quote.email","Email","Почта","E-mail"
"quote.submit","Send request","Отправить запрос","Envoyer la demande"
"quote.success","Thanks &mdash; we'll follow up by email shortly.","Спасибо &mdash; скоро ответим вам на почту.","Merci &mdash; nous revenons vers vous par e-mail sous peu."
"tour.title","Book a farm tour","Забронировать тур","R&eacute;server une visite"
"tour.lead","Leave your details and we'll confirm the next available date.","Оставьте контакты, и мы подтвердим ближайшую доступную дату.","Laissez vos coordonn&eacute;es, nous confirmerons la prochaine date disponible."
"tour.submit","Send request","Отправить запрос","Envoyer la demande"
"tour.success","Thanks &mdash; we'll be in touch to confirm your visit.","Спасибо &mdash; мы свяжемся с вами для подтверждения визита.","Merci &mdash; nous vous contacterons pour confirmer votre visite."
